/*
MySQL Data Transfer
Source Host: localhost
Source Database: litepost
Target Host: localhost
Target Database: litepost
Date: 2/21/2010 2:53:52 PM
*/

SET FOREIGN_KEY_CHECKS=0;
-- ----------------------------
-- Table structure for bookmarks
-- ----------------------------
DROP TABLE IF EXISTS `bookmarks`;
CREATE TABLE `bookmarks` (
  `bookmarkID` int(11) NOT NULL AUTO_INCREMENT,
  `name` varchar(80) NOT NULL,
  `url` varchar(255) NOT NULL,
  PRIMARY KEY (`bookmarkID`)
) ENGINE=InnoDB AUTO_INCREMENT=2 DEFAULT CHARSET=utf8;

-- ----------------------------
-- Table structure for categories
-- ----------------------------
DROP TABLE IF EXISTS `categories`;
CREATE TABLE `categories` (
  `categoryID` int(11) NOT NULL AUTO_INCREMENT,
  `category` varchar(255) NOT NULL,
  PRIMARY KEY (`categoryID`)
) ENGINE=InnoDB AUTO_INCREMENT=4 DEFAULT CHARSET=utf8;

-- ----------------------------
-- Table structure for comments
-- ----------------------------
DROP TABLE IF EXISTS `comments`;
CREATE TABLE `comments` (
  `commentID` int(11) NOT NULL AUTO_INCREMENT,
  `entryID` int(11) NOT NULL,
  `comment` text NOT NULL,
  `name` varchar(80) NOT NULL,
  `email` varchar(100) DEFAULT NULL,
  `url` varchar(150) DEFAULT NULL,
  `dateCreated` datetime NOT NULL,
  PRIMARY KEY (`commentID`),
  KEY `comments_entryID_ix` (`entryID`),
  CONSTRAINT `comments_entryD_pk` FOREIGN KEY (`entryID`) REFERENCES `entries` (`entryID`)
) ENGINE=InnoDB AUTO_INCREMENT=8 DEFAULT CHARSET=utf8;

-- ----------------------------
-- Table structure for entries
-- ----------------------------
DROP TABLE IF EXISTS `entries`;
CREATE TABLE `entries` (
  `entryID` int(11) NOT NULL AUTO_INCREMENT,
  `userID` int(11) NOT NULL,
  `categoryID` int(11) NOT NULL,
  `title` varchar(255) DEFAULT NULL,
  `body` text NOT NULL,
  `dateCreated` datetime DEFAULT NULL,
  `dateLastUpdated` datetime DEFAULT NULL,
  PRIMARY KEY (`entryID`),
  KEY `entries_userID_fk` (`userID`),
  KEY `entries_categoryID_ix` (`categoryID`),
  CONSTRAINT `entries_userID_fk` FOREIGN KEY (`userID`) REFERENCES `users` (`userID`)
) ENGINE=InnoDB AUTO_INCREMENT=7 DEFAULT CHARSET=utf8;

-- ----------------------------
-- Table structure for users
-- ----------------------------
DROP TABLE IF EXISTS `users`;
CREATE TABLE `users` (
  `userID` int(11) NOT NULL AUTO_INCREMENT,
  `fname` varchar(30) NOT NULL,
  `lname` varchar(30) NOT NULL,
  `email` varchar(100) NOT NULL,
  `username` varchar(20) NOT NULL,
  `password` varchar(20) NOT NULL,
  `role` varchar(50) NOT NULL,
  PRIMARY KEY (`userID`),
  KEY `users_login_IX` (`username`,`password`)
) ENGINE=InnoDB AUTO_INCREMENT=3 DEFAULT CHARSET=utf8;

-- ----------------------------
-- Records 
-- ----------------------------
INSERT INTO `bookmarks` VALUES ('1', 'CFWheels', 'http://www.cfwheels.org');
INSERT INTO `categories` VALUES ('1', 'CFWheels');
INSERT INTO `categories` VALUES ('2', 'ColdFusion');
INSERT INTO `categories` VALUES ('3', 'Everything Else');
INSERT INTO `comments` VALUES ('1', '1', 'Great Framework. I can see where it will make my development much faster! ', 'Cat Shap', 'cathyshapiro@gmail.com', 'http://flashprodesign.com', '2010-02-19 14:02:25');
INSERT INTO `comments` VALUES ('2', '1', 'Need better styling on these comments - also need to include the name of the article the comment is about', 'Cat Shap', 'c@c.com', 'cc.com', '2010-02-19 14:27:44');
INSERT INTO `comments` VALUES ('4', '1', 'add paginationlinks to entries/homeCat page', 'My Name', 'name@name.com', null, '2010-02-19 22:37:46');
INSERT INTO `comments` VALUES ('5', '2', 'on entries/homeDet view, comment submission fails if all required fields are not filled out', 'Cathy', 'caty@cc.com', null, '2010-02-19 22:48:35');
INSERT INTO `comments` VALUES ('6', '6', 'Need to make search work - need to make rss feed (by category?)', 'Cat', 'cat@gmail.com', null, '2010-02-21 13:27:22');
INSERT INTO `comments` VALUES ('7', '6', 'Need to make mailto links work. Should I use a route?', 'cat', 'cathy@gmail.com', null, '2010-02-21 13:34:56');
INSERT INTO `entries` VALUES ('1', '2', '1', 'CoC in CFWheels', 'I guess the hardest part of the assignment was not being able to redo the database.\r\n\r\nThe whole point of the Convention over Configuration idea is that some things are supposed to be standard, like the way you name items in your database.\r\n\r\nHowever, CFWheels proves to be very flexible.\r\nI found a good workaround for the fields that were named incorrectly. \r\n\r\nIn the config/settings.cfm file, I told Wheels where to look for the createdAt and updatedAt fields:\r\n\r\n<cfset set(timeStampOnCreateProperty = \"dateCreated\")>\r\n<cfset set(timeStampOnUpdateProperty = \"dateLastUpdated\")>\r\n\r\nThen, because Wheels expects your foreign key to always be named \"id\", I had to use the foreignKey attribute of the belongsTo tab in the models.\r\n\r\nExample in my entries model:\r\n\r\n<cffunction name=\"init\">\r\n		<cfset belongsTo(name=\"user\", foreignKey=\"userid\")>\r\n		<cfset belongsTo(name=\"category\", foreignKey=\"categoryid\")>\r\n		<cfset hasMany(\"comments\")>		\r\n	</cffunction> \r\n\r\n', '2010-02-19 13:17:54', '2010-02-19 15:43:09');
INSERT INTO `entries` VALUES ('2', '1', '3', 'Testing Two', 'Quis ut ullamcorper aliquip vulputate feugiat esse eum duis tincidunt molestie nostrud qui velit praesent, euismod. Nulla eros, ut consequat consequat aliquam illum ad ut illum illum, suscipit zzril tation augue dolore. Praesent iusto duis lorem lobortis wisi laoreet nostrud ad feugiat nulla luptatum, consequat, nisl feugait erat, dolor. Laoreet feugait sit ex veniam erat dignissim et vero commodo duis eu delenit consequat at in ullamcorper facilisis elit dolore iusto enim luptatum qui, vel. Zzril, eu at, te, eum accumsan, diam nisl eros in, lorem blandit et duis luptatum dolor sit facilisis ut ipsum hendrerit odio.\r\n\r\nEa nibh ad consectetuer velit iriure duis, exerci commodo consequat nulla, lobortis veniam praesent dolore ut augue, eum dolore ea eros duis consequat autem. Nonummy praesent, suscipit, et commodo ad exerci qui quis, dolore dignissim velit ut esse amet. Duis dolor enim, iriure te blandit dolore at ut nulla, elit volutpat ipsum, in dolor at minim ut aliquip, duis tation wisi dignissim ex consequat praesent.\r\n\r\nConsequat lorem lobortis wisi laoreet nostrud ad feugiat nulla luptatum, consequat, nisl feugait erat, dolor qui feugait sit. Nonummy veniam erat dignissim et vero commodo duis eu delenit consequat at in ullamcorper facilisis elit dolore iusto enim luptatum qui. Suscipit vel, eu at, te, eum accumsan, diam nisl eros in, lorem blandit et duis luptatum dolor sit facilisis ut ipsum hendrerit. Eros tincidunt ea, iusto molestie amet velit odio ex nisl adipiscing adipiscing, et minim vel quis in. Augue feugait nostrud dolore dolor vel hendrerit duis ea nonummy nonummy.\r\n\r\nExerci commodo ad exerci qui quis, dolore dignissim velit ut esse amet zzril dolor enim, iriure te blandit dolore at ut nulla, elit volutpat ipsum. Aliquam dolor at minim ut aliquip, duis tation wisi dignissim ex consequat praesent et consequat eu, nulla ut euismod commodo hendrerit odio. Luptatum vero ut volutpat, dignissim et enim laoreet et diam, nonummy, hendrerit iriure blandit feugait nulla autem delenit odio molestie.\r\n\r\nMagna in ullamcorper facilisis elit dolore iusto enim luptatum qui, vel vel, eu at, te, eum. Vulputate, diam nisl eros in, lorem blandit et duis luptatum dolor sit facilisis ut ipsum hendrerit odio. Vero ea, iusto molestie amet velit odio ex nisl adipiscing. Nulla, et minim vel quis in dolore feugait nostrud. Ea dolor vel hendrerit duis ea nonummy nonummy minim exerci, in, ullamcorper molestie, feugiat ut ullamcorper.\r\n\r\nVulputate ut esse amet zzril dolor enim, iriure te blandit dolore at ut nulla, elit. Consequat ipsum, in dolor at minim ut aliquip, duis tation wisi. Augue ex consequat praesent et consequat eu, nulla ut euismod commodo hendrerit odio exerci vero ut volutpat. Erat et enim laoreet et diam, nonummy, hendrerit iriure blandit feugait nulla autem delenit odio molestie facilisi magna, illum hendrerit magna autem iusto, nulla eu. Qui vel suscipit zzril veniam vel quis lobortis vulputate, tation facilisis vulputate vel aliquam. Et sed dolore consectetuer et in, feugiat delenit nulla accumsan eros vero nibh ad consectetuer velit iriure duis, exerci commodo.\r\n\r\nNulla, et minim vel quis in dolore feugait nostrud. Ea dolor vel hendrerit duis ea nonummy nonummy minim exerci, in, ullamcorper molestie, feugiat ut ullamcorper. Velit vulputate feugiat esse eum duis tincidunt molestie nostrud qui velit praesent, euismod vero eros, ut consequat consequat aliquam illum ad. Ut illum illum, suscipit zzril tation augue dolore dolore eu iusto praesent ad tincidunt adipiscing, nulla duis vulputate velit.\r\n\r\nIriure veniam nibh facilisis eu ut adipiscing eu nulla ipsum commodo aliquip vero blandit praesent lobortis et feugiat, eum luptatum sed, in commodo. Feugait lobortis feugiat blandit in ex dolor enim accumsan magna. Qui, aliquam ad duis, ut esse duis dolor diam enim nulla dignissim dolore. Augue consequat vulputate et velit dolore consequat, consequat dolor laoreet dolore autem aliquip, suscipit, facilisi exerci ullamcorper praesent ad, te eros dignissim consectetuer. Blandit, ut hendrerit exerci vel odio, iriure, lobortis vel eros enim, dolore tation ut volutpat at aliquam.\r\n\r\nFacilisis quis duis vulputate vel ut suscipit amet vel erat at. Hendrerit eros sit molestie vel veniam ullamcorper iriure diam in duis zzril, in in. Ut accumsan ut, iusto elit dolore eu iusto praesent ad tincidunt. Sit, nulla duis vulputate velit et, iriure minim blandit.\r\n\r\nEx ut adipiscing eu nulla ipsum commodo aliquip vero blandit praesent lobortis et feugiat, eum luptatum. Consequat, in commodo sed lobortis feugiat blandit in ex dolor. Nisl accumsan magna nisl, aliquam ad duis, ut esse duis dolor. ', '2010-02-19 14:32:08', '2010-02-21 12:35:47');
INSERT INTO `entries` VALUES ('3', '2', '2', 'Look Ma, no xml', 'Quis ut ullamcorper aliquip vulputate feugiat esse eum duis tincidunt molestie nostrud qui velit praesent, euismod. Nulla eros, ut consequat consequat aliquam illum ad ut illum illum, suscipit zzril tation augue dolore. Praesent iusto duis lorem lobortis wisi laoreet nostrud ad feugiat nulla luptatum, consequat, nisl feugait erat, dolor. Laoreet feugait sit ex veniam erat dignissim et vero commodo duis eu delenit consequat at in ullamcorper facilisis elit dolore iusto enim luptatum qui, vel. Zzril, eu at, te, eum accumsan, diam nisl eros in, lorem blandit et duis luptatum dolor sit facilisis ut ipsum hendrerit odio.\r\n\r\nEa nibh ad consectetuer velit iriure duis, exerci commodo consequat nulla, lobortis veniam praesent dolore ut augue, eum dolore ea eros duis consequat autem. Nonummy praesent, suscipit, et commodo ad exerci qui quis, dolore dignissim velit ut esse amet. Duis dolor enim, iriure te blandit dolore at ut nulla, elit volutpat ipsum, in dolor at minim ut aliquip, duis tation wisi dignissim ex consequat praesent.\r\n\r\nConsequat lorem lobortis wisi laoreet nostrud ad feugiat nulla luptatum, consequat, nisl feugait erat, dolor qui feugait sit. Nonummy veniam erat dignissim et vero commodo duis eu delenit consequat at in ullamcorper facilisis elit dolore iusto enim luptatum qui. Suscipit vel, eu at, te, eum accumsan, diam nisl eros in, lorem blandit et duis luptatum dolor sit facilisis ut ipsum hendrerit. Eros tincidunt ea, iusto molestie amet velit odio ex nisl adipiscing adipiscing, et minim vel quis in. Augue feugait nostrud dolore dolor vel hendrerit duis ea nonummy nonummy.\r\n\r\nExerci commodo ad exerci qui quis, dolore dignissim velit ut esse amet zzril dolor enim, iriure te blandit dolore at ut nulla, elit volutpat ipsum. Aliquam dolor at minim ut aliquip, duis tation wisi dignissim ex consequat praesent et consequat eu, nulla ut euismod commodo hendrerit odio. Luptatum vero ut volutpat, dignissim et enim laoreet et diam, nonummy, hendrerit iriure blandit feugait nulla autem delenit odio molestie.\r\n\r\nMagna in ullamcorper facilisis elit dolore iusto enim luptatum qui, vel vel, eu at, te, eum. Vulputate, diam nisl eros in, lorem blandit et duis luptatum dolor sit facilisis ut ipsum hendrerit odio. Vero ea, iusto molestie amet velit odio ex nisl adipiscing. Nulla, et minim vel quis in dolore feugait nostrud. Ea dolor vel hendrerit duis ea nonummy nonummy minim exerci, in, ullamcorper molestie, feugiat ut ullamcorper.\r\n\r\nVulputate ut esse amet zzril dolor enim, iriure te blandit dolore at ut nulla, elit. Consequat ipsum, in dolor at minim ut aliquip, duis tation wisi. Augue ex consequat praesent et consequat eu, nulla ut euismod commodo hendrerit odio exerci vero ut volutpat. Erat et enim laoreet et diam, nonummy, hendrerit iriure blandit feugait nulla autem delenit odio molestie facilisi magna, illum hendrerit magna autem iusto, nulla eu. Qui vel suscipit zzril veniam vel quis lobortis vulputate, tation facilisis vulputate vel aliquam. Et sed dolore consectetuer et in, feugiat delenit nulla accumsan eros vero nibh ad consectetuer velit iriure duis, exerci commodo.\r\n\r\nNulla, et minim vel quis in dolore feugait nostrud. Ea dolor vel hendrerit duis ea nonummy nonummy minim exerci, in, ullamcorper molestie, feugiat ut ullamcorper. Velit vulputate feugiat esse eum duis tincidunt molestie nostrud qui velit praesent, euismod vero eros, ut consequat consequat aliquam illum ad. Ut illum illum, suscipit zzril tation augue dolore dolore eu iusto praesent ad tincidunt adipiscing, nulla duis vulputate velit.\r\n\r\nIriure veniam nibh facilisis eu ut adipiscing eu nulla ipsum commodo aliquip vero blandit praesent lobortis et feugiat, eum luptatum sed, in commodo. Feugait lobortis feugiat blandit in ex dolor enim accumsan magna. Qui, aliquam ad duis, ut esse duis dolor diam enim nulla dignissim dolore. Augue consequat vulputate et velit dolore consequat, consequat dolor laoreet dolore autem aliquip, suscipit, facilisi exerci ullamcorper praesent ad, te eros dignissim consectetuer. Blandit, ut hendrerit exerci vel odio, iriure, lobortis vel eros enim, dolore tation ut volutpat at aliquam.\r\n\r\nFacilisis quis duis vulputate vel ut suscipit amet vel erat at. Hendrerit eros sit molestie vel veniam ullamcorper iriure diam in duis zzril, in in. Ut accumsan ut, iusto elit dolore eu iusto praesent ad tincidunt. Sit, nulla duis vulputate velit et, iriure minim blandit.\r\n\r\nEx ut adipiscing eu nulla ipsum commodo aliquip vero blandit praesent lobortis et feugiat, eum luptatum. Consequat, in commodo sed lobortis feugiat blandit in ex dolor. Nisl accumsan magna nisl, aliquam ad duis, ut esse duis dolor. ', '2010-02-21 12:26:35', '2010-02-21 12:30:53');
INSERT INTO `entries` VALUES ('4', '2', '1', 'Tutorial 1', 'Quis ut ullamcorper aliquip vulputate feugiat esse eum duis tincidunt molestie nostrud qui velit praesent, euismod. Nulla eros, ut consequat consequat aliquam illum ad ut illum illum, suscipit zzril tation augue dolore. Praesent iusto duis lorem lobortis wisi laoreet nostrud ad feugiat nulla luptatum, consequat, nisl feugait erat, dolor. Laoreet feugait sit ex veniam erat dignissim et vero commodo duis eu delenit consequat at in ullamcorper facilisis elit dolore iusto enim luptatum qui, vel. Zzril, eu at, te, eum accumsan, diam nisl eros in, lorem blandit et duis luptatum dolor sit facilisis ut ipsum hendrerit odio.\r\n\r\nEa nibh ad consectetuer velit iriure duis, exerci commodo consequat nulla, lobortis veniam praesent dolore ut augue, eum dolore ea eros duis consequat autem. Nonummy praesent, suscipit, et commodo ad exerci qui quis, dolore dignissim velit ut esse amet. Duis dolor enim, iriure te blandit dolore at ut nulla, elit volutpat ipsum, in dolor at minim ut aliquip, duis tation wisi dignissim ex consequat praesent.\r\n\r\nConsequat lorem lobortis wisi laoreet nostrud ad feugiat nulla luptatum, consequat, nisl feugait erat, dolor qui feugait sit. Nonummy veniam erat dignissim et vero commodo duis eu delenit consequat at in ullamcorper facilisis elit dolore iusto enim luptatum qui. Suscipit vel, eu at, te, eum accumsan, diam nisl eros in, lorem blandit et duis luptatum dolor sit facilisis ut ipsum hendrerit. Eros tincidunt ea, iusto molestie amet velit odio ex nisl adipiscing adipiscing, et minim vel quis in. Augue feugait nostrud dolore dolor vel hendrerit duis ea nonummy nonummy.\r\n\r\nExerci commodo ad exerci qui quis, dolore dignissim velit ut esse amet zzril dolor enim, iriure te blandit dolore at ut nulla, elit volutpat ipsum. Aliquam dolor at minim ut aliquip, duis tation wisi dignissim ex consequat praesent et consequat eu, nulla ut euismod commodo hendrerit odio. Luptatum vero ut volutpat, dignissim et enim laoreet et diam, nonummy, hendrerit iriure blandit feugait nulla autem delenit odio molestie.\r\n\r\nMagna in ullamcorper facilisis elit dolore iusto enim luptatum qui, vel vel, eu at, te, eum. Vulputate, diam nisl eros in, lorem blandit et duis luptatum dolor sit facilisis ut ipsum hendrerit odio. Vero ea, iusto molestie amet velit odio ex nisl adipiscing. Nulla, et minim vel quis in dolore feugait nostrud. Ea dolor vel hendrerit duis ea nonummy nonummy minim exerci, in, ullamcorper molestie, feugiat ut ullamcorper.\r\n\r\nVulputate ut esse amet zzril dolor enim, iriure te blandit dolore at ut nulla, elit. Consequat ipsum, in dolor at minim ut aliquip, duis tation wisi. Augue ex consequat praesent et consequat eu, nulla ut euismod commodo hendrerit odio exerci vero ut volutpat. Erat et enim laoreet et diam, nonummy, hendrerit iriure blandit feugait nulla autem delenit odio molestie facilisi magna, illum hendrerit magna autem iusto, nulla eu. Qui vel suscipit zzril veniam vel quis lobortis vulputate, tation facilisis vulputate vel aliquam. Et sed dolore consectetuer et in, feugiat delenit nulla accumsan eros vero nibh ad consectetuer velit iriure duis, exerci commodo.\r\n\r\nNulla, et minim vel quis in dolore feugait nostrud. Ea dolor vel hendrerit duis ea nonummy nonummy minim exerci, in, ullamcorper molestie, feugiat ut ullamcorper. Velit vulputate feugiat esse eum duis tincidunt molestie nostrud qui velit praesent, euismod vero eros, ut consequat consequat aliquam illum ad. Ut illum illum, suscipit zzril tation augue dolore dolore eu iusto praesent ad tincidunt adipiscing, nulla duis vulputate velit.\r\n\r\nIriure veniam nibh facilisis eu ut adipiscing eu nulla ipsum commodo aliquip vero blandit praesent lobortis et feugiat, eum luptatum sed, in commodo. Feugait lobortis feugiat blandit in ex dolor enim accumsan magna. Qui, aliquam ad duis, ut esse duis dolor diam enim nulla dignissim dolore. Augue consequat vulputate et velit dolore consequat, consequat dolor laoreet dolore autem aliquip, suscipit, facilisi exerci ullamcorper praesent ad, te eros dignissim consectetuer. Blandit, ut hendrerit exerci vel odio, iriure, lobortis vel eros enim, dolore tation ut volutpat at aliquam.\r\n\r\nFacilisis quis duis vulputate vel ut suscipit amet vel erat at. Hendrerit eros sit molestie vel veniam ullamcorper iriure diam in duis zzril, in in. Ut accumsan ut, iusto elit dolore eu iusto praesent ad tincidunt. Sit, nulla duis vulputate velit et, iriure minim blandit.\r\n\r\nEx ut adipiscing eu nulla ipsum commodo aliquip vero blandit praesent lobortis et feugiat, eum luptatum. Consequat, in commodo sed lobortis feugiat blandit in ex dolor. Nisl accumsan magna nisl, aliquam ad duis, ut esse duis dolor. ', '2010-02-21 12:40:57', '2010-02-21 14:14:43');
INSERT INTO `entries` VALUES ('5', '2', '1', 'Tutorial 2', 'Quis ut ullamcorper aliquip vulputate feugiat esse eum duis tincidunt molestie nostrud qui velit praesent, euismod. Nulla eros, ut consequat consequat aliquam illum ad ut illum illum, suscipit zzril tation augue dolore. Praesent iusto duis lorem lobortis wisi laoreet nostrud ad feugiat nulla luptatum, consequat, nisl feugait erat, dolor. Laoreet feugait sit ex veniam erat dignissim et vero commodo duis eu delenit consequat at in ullamcorper facilisis elit dolore iusto enim luptatum qui, vel. Zzril, eu at, te, eum accumsan, diam nisl eros in, lorem blandit et duis luptatum dolor sit facilisis ut ipsum hendrerit odio.\r\n\r\nEa nibh ad consectetuer velit iriure duis, exerci commodo consequat nulla, lobortis veniam praesent dolore ut augue, eum dolore ea eros duis consequat autem. Nonummy praesent, suscipit, et commodo ad exerci qui quis, dolore dignissim velit ut esse amet. Duis dolor enim, iriure te blandit dolore at ut nulla, elit volutpat ipsum, in dolor at minim ut aliquip, duis tation wisi dignissim ex consequat praesent.\r\n\r\nConsequat lorem lobortis wisi laoreet nostrud ad feugiat nulla luptatum, consequat, nisl feugait erat, dolor qui feugait sit. Nonummy veniam erat dignissim et vero commodo duis eu delenit consequat at in ullamcorper facilisis elit dolore iusto enim luptatum qui. Suscipit vel, eu at, te, eum accumsan, diam nisl eros in, lorem blandit et duis luptatum dolor sit facilisis ut ipsum hendrerit. Eros tincidunt ea, iusto molestie amet velit odio ex nisl adipiscing adipiscing, et minim vel quis in. Augue feugait nostrud dolore dolor vel hendrerit duis ea nonummy nonummy.\r\n\r\nExerci commodo ad exerci qui quis, dolore dignissim velit ut esse amet zzril dolor enim, iriure te blandit dolore at ut nulla, elit volutpat ipsum. Aliquam dolor at minim ut aliquip, duis tation wisi dignissim ex consequat praesent et consequat eu, nulla ut euismod commodo hendrerit odio. Luptatum vero ut volutpat, dignissim et enim laoreet et diam, nonummy, hendrerit iriure blandit feugait nulla autem delenit odio molestie.\r\n\r\nMagna in ullamcorper facilisis elit dolore iusto enim luptatum qui, vel vel, eu at, te, eum. Vulputate, diam nisl eros in, lorem blandit et duis luptatum dolor sit facilisis ut ipsum hendrerit odio. Vero ea, iusto molestie amet velit odio ex nisl adipiscing. Nulla, et minim vel quis in dolore feugait nostrud. Ea dolor vel hendrerit duis ea nonummy nonummy minim exerci, in, ullamcorper molestie, feugiat ut ullamcorper.\r\n\r\nVulputate ut esse amet zzril dolor enim, iriure te blandit dolore at ut nulla, elit. Consequat ipsum, in dolor at minim ut aliquip, duis tation wisi. Augue ex consequat praesent et consequat eu, nulla ut euismod commodo hendrerit odio exerci vero ut volutpat. Erat et enim laoreet et diam, nonummy, hendrerit iriure blandit feugait nulla autem delenit odio molestie facilisi magna, illum hendrerit magna autem iusto, nulla eu. Qui vel suscipit zzril veniam vel quis lobortis vulputate, tation facilisis vulputate vel aliquam. Et sed dolore consectetuer et in, feugiat delenit nulla accumsan eros vero nibh ad consectetuer velit iriure duis, exerci commodo.\r\n\r\nNulla, et minim vel quis in dolore feugait nostrud. Ea dolor vel hendrerit duis ea nonummy nonummy minim exerci, in, ullamcorper molestie, feugiat ut ullamcorper. Velit vulputate feugiat esse eum duis tincidunt molestie nostrud qui velit praesent, euismod vero eros, ut consequat consequat aliquam illum ad. Ut illum illum, suscipit zzril tation augue dolore dolore eu iusto praesent ad tincidunt adipiscing, nulla duis vulputate velit.\r\n\r\nIriure veniam nibh facilisis eu ut adipiscing eu nulla ipsum commodo aliquip vero blandit praesent lobortis et feugiat, eum luptatum sed, in commodo. Feugait lobortis feugiat blandit in ex dolor enim accumsan magna. Qui, aliquam ad duis, ut esse duis dolor diam enim nulla dignissim dolore. Augue consequat vulputate et velit dolore consequat, consequat dolor laoreet dolore autem aliquip, suscipit, facilisi exerci ullamcorper praesent ad, te eros dignissim consectetuer. Blandit, ut hendrerit exerci vel odio, iriure, lobortis vel eros enim, dolore tation ut volutpat at aliquam.\r\n\r\nFacilisis quis duis vulputate vel ut suscipit amet vel erat at. Hendrerit eros sit molestie vel veniam ullamcorper iriure diam in duis zzril, in in. Ut accumsan ut, iusto elit dolore eu iusto praesent ad tincidunt. Sit, nulla duis vulputate velit et, iriure minim blandit.\r\n\r\nEx ut adipiscing eu nulla ipsum commodo aliquip vero blandit praesent lobortis et feugiat, eum luptatum. Consequat, in commodo sed lobortis feugiat blandit in ex dolor. Nisl accumsan magna nisl, aliquam ad duis, ut esse duis dolor. ', '2010-02-21 12:41:09', '2010-02-21 14:14:35');
INSERT INTO `entries` VALUES ('6', '2', '1', 'Tutorial 3', 'Quis ut ullamcorper aliquip vulputate feugiat esse eum duis tincidunt molestie nostrud qui velit praesent, euismod. Nulla eros, ut consequat consequat aliquam illum ad ut illum illum, suscipit zzril tation augue dolore. Praesent iusto duis lorem lobortis wisi laoreet nostrud ad feugiat nulla luptatum, consequat, nisl feugait erat, dolor. \r\n\r\nLaoreet feugait sit ex veniam erat dignissim et vero commodo duis eu delenit consequat at in ullamcorper facilisis elit dolore iusto enim luptatum qui, vel. Zzril, eu at, te, eum accumsan, diam nisl eros in, lorem blandit et duis luptatum dolor sit facilisis ut ipsum hendrerit odio.\r\n\r\nEa nibh ad consectetuer velit iriure duis, exerci commodo consequat nulla, lobortis veniam praesent dolore ut augue, eum dolore ea eros duis consequat autem. Nonummy praesent, suscipit, et commodo ad exerci qui quis, dolore dignissim velit ut esse amet. Duis dolor enim, iriure te blandit dolore at ut nulla, elit volutpat ipsum, in dolor at minim ut aliquip, duis tation wisi dignissim ex consequat praesent.\r\n\r\nConsequat lorem lobortis wisi laoreet nostrud ad feugiat nulla luptatum, consequat, nisl feugait erat, dolor qui feugait sit. Nonummy veniam erat dignissim et vero commodo duis eu delenit consequat at in ullamcorper facilisis elit dolore iusto enim luptatum qui. Suscipit vel, eu at, te, eum accumsan, diam nisl eros in, lorem blandit et duis luptatum dolor sit facilisis ut ipsum hendrerit. Eros tincidunt ea, iusto molestie amet velit odio ex nisl adipiscing adipiscing, et minim vel quis in. Augue feugait nostrud dolore dolor vel hendrerit duis ea nonummy nonummy.\r\n\r\nExerci commodo ad exerci qui quis, dolore dignissim velit ut esse amet zzril dolor enim, iriure te blandit dolore at ut nulla, elit volutpat ipsum. Aliquam dolor at minim ut aliquip, duis tation wisi dignissim ex consequat praesent et consequat eu, nulla ut euismod commodo hendrerit odio. Luptatum vero ut volutpat, dignissim et enim laoreet et diam, nonummy, hendrerit iriure blandit feugait nulla autem delenit odio molestie.\r\n\r\nMagna in ullamcorper facilisis elit dolore iusto enim luptatum qui, vel vel, eu at, te, eum. Vulputate, diam nisl eros in, lorem blandit et duis luptatum dolor sit facilisis ut ipsum hendrerit odio. Vero ea, iusto molestie amet velit odio ex nisl adipiscing. Nulla, et minim vel quis in dolore feugait nostrud. Ea dolor vel hendrerit duis ea nonummy nonummy minim exerci, in, ullamcorper molestie, feugiat ut ullamcorper.\r\n\r\nVulputate ut esse amet zzril dolor enim, iriure te blandit dolore at ut nulla, elit. Consequat ipsum, in dolor at minim ut aliquip, duis tation wisi. Augue ex consequat praesent et consequat eu, nulla ut euismod commodo hendrerit odio exerci vero ut volutpat. Erat et enim laoreet et diam, nonummy, hendrerit iriure blandit feugait nulla autem delenit odio molestie facilisi magna, illum hendrerit magna autem iusto, nulla eu. Qui vel suscipit zzril veniam vel quis lobortis vulputate, tation facilisis vulputate vel aliquam. Et sed dolore consectetuer et in, feugiat delenit nulla accumsan eros vero nibh ad consectetuer velit iriure duis, exerci commodo.\r\n\r\nNulla, et minim vel quis in dolore feugait nostrud. Ea dolor vel hendrerit duis ea nonummy nonummy minim exerci, in, ullamcorper molestie, feugiat ut ullamcorper. Velit vulputate feugiat esse eum duis tincidunt molestie nostrud qui velit praesent, euismod vero eros, ut consequat consequat aliquam illum ad. Ut illum illum, suscipit zzril tation augue dolore dolore eu iusto praesent ad tincidunt adipiscing, nulla duis vulputate velit.\r\n\r\nIriure veniam nibh facilisis eu ut adipiscing eu nulla ipsum commodo aliquip vero blandit praesent lobortis et feugiat, eum luptatum sed, in commodo. Feugait lobortis feugiat blandit in ex dolor enim accumsan magna. Qui, aliquam ad duis, ut esse duis dolor diam enim nulla dignissim dolore. Augue consequat vulputate et velit dolore consequat, consequat dolor laoreet dolore autem aliquip, suscipit, facilisi exerci ullamcorper praesent ad, te eros dignissim consectetuer. Blandit, ut hendrerit exerci vel odio, iriure, lobortis vel eros enim, dolore tation ut volutpat at aliquam.\r\n\r\nFacilisis quis duis vulputate vel ut suscipit amet vel erat at. Hendrerit eros sit molestie vel veniam ullamcorper iriure diam in duis zzril, in in. Ut accumsan ut, iusto elit dolore eu iusto praesent ad tincidunt. Sit, nulla duis vulputate velit et, iriure minim blandit.\r\n\r\nEx ut adipiscing eu nulla ipsum commodo aliquip vero blandit praesent lobortis et feugiat, eum luptatum. Consequat, in commodo sed lobortis feugiat blandit in ex dolor. Nisl accumsan magna nisl, aliquam ad duis, ut esse duis dolor. ', '2010-02-21 12:41:22', '2010-02-21 14:49:57');
INSERT INTO `users` VALUES ('1', 'Chris', 'Scott', 'chris.scott.one@gmail.com', 'chris', 'asstro', 'admin');
INSERT INTO `users` VALUES ('2', 'Cathy', 'Shapiro', 'cathy@flashprodesign.com', 'admin', 'admin', 'admin');
